title,author,time,url,context
海晏县深入学习贯彻全省宗教工作会议精神,新华网青海站,2016年10月27日 21:13,http://www.qh.xinhuanet.com/2016-10/27/c_1119801147.htm,全省宗教工作会议召开以来，海晏县积极贯彻落实会议精神，围绕王建军副书记讲话精神，认真贯彻党的宗教政策和法律法规，着力提高宗教事务管理的规范化、科学化水平。一是广泛宣传全省宗教工作会议精神。通过专题会议、集中培训、座谈交流、新闻媒体等多种形式，分层分批组织全县统战干部和宗教界人士深入学习全省宗教工作会议精神。同时，充分利用县电视台、河清海晏网站、短信群发平台、微信圈等载体广泛宣传全省宗教工作会议精神，传播正面声音，凝聚思想共识，在全社会形成共同做好宗教工作的良好氛围。二是发挥宗教界在法治建设中的积极作用。深入开展普法教育，联系县治县办组织开展县乡村宗教工作干部的业务指导和政策法规培训，不断提升全县宗教干部运用法治思维和法治方式推动工作的能力。在全县宗教界继续开展宗教政策法规学习宣传活动，组织宗教界人士和信教群众深入扎实地学习党和国家的宗教方针政策，增强他们的国家意识、公民意识、法律意识，在宗教界形成学法、遵法、守法、用法的良好法治氛围。深化法治宣传教育，教育引导广大信教群众正确认识和处理国法和教规的关系，提升法治观念。三是开展宗教工作专题调研活动。开展全县藏传佛教、伊斯兰教专题调研，了解掌握农村藏传佛教、伊斯兰教信教群众聚居情况；积极推动寺院规范化、长效化管理，夯实规范管理基础；建章立制，编织管理网络，提升规范管理水平；用社会主义核心价值观来引领和教育广大群众，深入挖掘蕴藏在民间宗教活动中的积极因素，积极引导宗教活动与社会主义社会相适应。四是引导和支持宗教界开展公益慈善活动。充分发扬宗教界扶危济困的优良传统，通过力所能及的方式，广泛开展赈灾济困、捐资助学、修桥筑路、助残敬老等宗教慈善活动，并借以团结、动员广大信教群众，为构建社会主义和谐社会服务。同时，采取说法解经、佛学思想研讨等方式，用团结进步、和平宽容等观念引导广大信教群众，深入挖掘教义教规中有利于社会和谐、时代进步、健康文明的内容，鼓励和支持宗教界对教规教义作出符合时代进步要求的阐释。
《河北宗教史》丛书座谈会在石家庄举行,中国政府网,2016年10月26日 20:42,http://www.gov.cn/xinwen/2016-10/26/content_5124734.htm,10月25日上午，由宗教文化出版社和河北省民宗厅联合举办的《河北宗教史》丛书座谈会在河北省省会石家庄举行，蒋坚永副局长应邀出席座谈会并发表讲话。蒋坚永在讲话中对《河北宗教史》丛书的出版发行表示热烈的祝贺。他说，这套丛书的编辑出版，开创了先河，填补了空白，提供了示范，这不仅是省宗教工作的一件大事，也是全国宗教工作的一件大事，必将推动全国地方宗教史的研究和编辑工作，可喜可贺，意义深远。他希望河北省以《河北宗教史》丛书出版为契机，全面贯彻习近平总书记讲话和全国宗教工作会议精神，以史为鉴，继往开来，构建积极健康的宗教关系，进一步加强对本省宗教方面新情况、新问题的研究，正确把握宗教和宗教工作规律，牢牢坚持我国宗教中国化方向，积极引导宗教与社会主义社会相适应，不断开创河北宗教工作新局面，为河北的经济发展、社会和谐、文化繁荣，为全国的宗教工作做出新的更大的贡献。座谈会由河北省民宗厅副厅长崔晓辉主持，河北省民宗厅厅长潘冬青致辞，该丛书主编、河北省民宗厅原厅长鞠志强介绍丛书编辑出版情况，中国社会科学院世界宗教所所长卓新平、国家宗教局政法司原副司长张伟达等分别发言。河北省政协原副主席陈秀芳出席座谈会并讲话。宗教文化出版社社长任继春等参加座谈会。来自国家宗教局、中国社会科学院、河北省政协、社科院、大专院校的专家学者及河北省佛教、道教、伊斯兰教、天主教、基督教负责人共120余人参加座谈会。
研究人员称有宗教信仰者的数学更差,网易数码,2016年10月26日 11:31,http://digi.163.com/16/1026/11/C4A5A259001687H3.html,外媒CNET援引英国心理学会博客研究文摘的报道称，芬兰赫尔辛基大学的研究人员在一篇报道中指出，宗教信仰与各种科学技能存在一定的联系。研究人员要求258名受访者透露他们的宗教信仰，比如他们是否相信“全能的、全知的、至善的神”的存在，另外他们还被问及是否相信超自然现象。研究人员希望能够借此测试受访者的“技能”，比如他们希望能评估受访人员的数学及物理等知识，及受访者利用这些知识来解决问题的能力。他们的结论是，宗教信仰者对物质世界的科学认识更少。两位作者表示：“越相信宗教或其他超自然现象的受访者，他们的直觉物理技能、机械和心理旋转能力及在校数学和物理成绩越差，另外他们的物理和生物现象知识更匮乏。”目前该研究报告的作者MarjaanaLindeman和AnnikaSvedholm-Hkkinen没有立即回应记者的置评请求。
新疆爱国宗教人士参观团来肥参观考察,凤凰网,2016年10月26日 07:41,http://news.ifeng.com/a/20161026/50156879_0.shtml,合肥日报讯10月24日至25日，中央统战部组织的第49期新疆爱国宗教人士参观团，由新疆维吾尔自治区党委统战部副巡视员阿扎提·乌木尔带队，来肥参观考察。省委统战部副部长、省社会主义学院党组书记陈昌虎，市委常委、统战部长陈晓波等陪同参观考察。原标题：新疆爱国宗教人士参观团来肥参观考察合肥日报讯10月24日至25日，中央统战部组织的第49期新疆爱国宗教人士参观团，由新疆维吾尔自治区党委统战部副巡视员阿扎提·乌木尔带队，来肥参观考察。省委统战部副部长、省社会主义学院党组书记陈昌虎，市委常委、统战部长陈晓波等陪同参观考察。陈晓波对参观团一行来肥表示欢迎，并介绍了我市经济社会发展情况。他说，近年来，新疆与合肥的交流、交往日益密切，本次新疆爱国宗教人士参观团来肥参观考察，为两地交流搭建了新的平台。希望参观团成员在肥多走走、多看看，对合肥发展多提宝贵意见。在肥期间，参观团一行先后参观考察了李鸿章故居、科大讯飞、三河古镇等地。参观团对我市经济社会发展取得的成绩给予高度评价，表示要学习借鉴合肥市实现经济社会又好又快发展的成功做法和宝贵经验，加强两地之间的交流与合作。（陈小红记者刘标）
金华市人大常委会议听取市政府关于全市宗教工作情况报告,光明网,2016年10月26日 16:00,http://news.gmw.cn/newspaper/2016-10/26/content_117431756.htm,10月25日，金华市召开第六届人大常委员会第四十二次会议，听取市政府关于全市宗教工作情况汇报。市政府副市长林丹军代表市政府作报告，市委统战部副部长、市民宗局局长樊国斌列席会议。近年来，在市委、市政府正确领导和市人大监督支持下，紧紧围绕“宗教和顺、社会和谐”根本目标，认真贯彻落实宗教政策法规，依法加强宗教事务管理，不断改善宗教部门工作条件，努力维护宗教领域和谐稳定，为“走在前列，共建金华”建设、实现经济社会又好又快发展，作出了积极贡献，营造了良好环境。与会委员对工作报告表示同意，一致认为，近年来，金华市宗教工作取得了显著成绩，宗教部门主动作为，工作扎实，在贯彻执行宗教政策法规、推动宗教和谐稳定方面做了大量卓有成效的工作。会议指出，“宗教无小事”。将认真研究全市宗教工作面临的新形势，进一步创新举措，切实解决当前全市宗教工作中存在的突出问题，努力开创金华宗教工作新局面。一要深化认识。切实加强宗教政策法规和宗教理论知识的学习宣传，适时在市委党校或行政学院举办民族宗教工作培训班；二要强化保障。对宗教部门人员编制、工作经费、市级宗教团体建设等问题，市政府将专门听取汇报，认真研究解决，努力为宗教工作提供更加有力的保障；三要创新管理。健全宗教工作“三级网络，两级责任”，积极探索基层宗教工作综合执法，完善宗教工作协调机制，形成党委统一领导、党政齐抓共管、民宗部门综合协调、各部门密切配合、全市广泛参与的宗教工作新格局。[责任编辑:]
磐安县组织开展“送法进宗教活动场所” 宣传活动,光明网,2016年10月26日 16:00,http://news.gmw.cn/newspaper/2016-10/26/content_117431749.htm,近日，磐安县民宗局在安福寺组织开展“送法进宗教活动场所”宣传活动，县民宗局长黄华成参加活动。活动邀请了县司法局干部到场给大家作法制讲座，重点宣讲了国务院《宗教事务条例》《浙江省宗教事务条例》，解读了宪法、刑法、治安管理处罚法、慈善法、信访条例、土地、建设、规划等方面的法律法规，使宗教界人士、信教群众了解相关法律法规政策，牢固树立“法律面前人人平等，法律之外没有特权”的理念，遵法学法守法用法，理解配合支持政府的工作，确保我县宗教领域和谐稳定。县民宗局局长就全县“送法进宗教活动场所”宣传活动作进一步的部署，要求各乡镇、宗教团体、活动场所要高度重视，认真组织；要突出重点，提高针对性；要调动、发挥宗教界的积极作用。
做好新形势下民族宗教工作,光明网,2016年10月26日 16:00,http://news.gmw.cn/newspaper/2016-10/26/content_117431237.htm,"url:http://daily.0245.cc/html/2016-10/26/content_814433.htm,id:0本报讯（记者孙菊）10月25日，市委副书记杨维主持召开全市民族宗教工作领导小组会议，市委常委、统战部长戴小梅参加会议。为贯彻落实中央、省民族工作会议和全国、全省宗教工作会议精神，加强党对民族宗教工作的领导，进一步推动全市民族宗教工作的发展，我市民族宗教工作领导小组召开会议，对加强和改进新形势下我市民族宗教工作进行了研究和讨论。会议强调，正确对待和妥善处理民族宗教问题，关系到加强党同人民群众的血肉联系，关系到我国改革开放和现代化建设的顺利进行，关系到民族团结、社会稳定和国家统一，关系到我国对外关系和国际形象。各级党委政府要深刻理解做好新时期民族宗教工作的重要性，从中国特色社会主义理论的高度，从保证党和国家长治久安的战略高度，从促进改革发展稳定大局的高度，加强民族宗教政策法规的学习；在具体工作中，要认清形势、掌握方法、明确责任、通力合作，形成长效工作机制，充分发挥好职能作用，切实做好新形势下民族宗教工作。"
坚持爱国爱教 共建和谐社会 省民宗委调研组莅汕调研宗教工作 ...,光明网,2016年10月26日 10:00,http://news.gmw.cn/newspaper/2016-10/26/content_117416992.htm,"url:http://strb.dahuawang.com/html/2016-10/26/content_767248.htm,id:0本报讯(记者李扬)本月20日至21日，广东省民族宗教委主任黄强、省政府参事室胡浩民参事带调研组一行6人莅汕调研宗教工作。市委书记陈良贤，市委常委、统战部部长马逸丽，市委常委、秘书长邱奕辉出席相关活动。莅汕期间，调研组一行到市天主教爱国会、市基督教“两会”实地走访，并和宗教界人士座谈交谈，详细了解宗教团体建设中遇到的困难和问题。在听取我市民族宗教工作情况汇报后，黄强充分肯定了我市宗教工作所取得的成绩以及宗教团体所做的积极努力。要求各宗教团体要坚持爱国爱教的正确方向，坚持中国化方向，围绕“和谐”这一宗教的共同核心要义，为营造和谐社会、服务汕头经济社会发展贡献力量。"
市民宗委“五项制度” 加强宗教团体自身建设,光明网,2016年10月26日 09:00,http://news.gmw.cn/newspaper/2016-10/26/content_117411644.htm,（记者沙星海）10月24日，市民宗委有关负责人介绍，今年以来，通过指导市级各爱国宗教团体建立完善工作例会、定期座谈培训、重大事项报告、领导班子考核、财务报告审计等五项制度，该委进一步加强了对各市级宗教团体的管理，完善了相关的服务，市级爱国宗教团体自身建设得到加强。建立完善每月工作例会制度。各市级宗教团体每月初召开工作例会，传达宗教工作部门和上级宗教团体有关会议精神及工作安排，总结前期工作情况，交流工作经验，部署下个月工作。建立完善定期座谈培训制度。各宗教团体每年召开两次座谈培训会，交流工作，增进感情，也通过以会代训的形式，提高宗教团体人员的业务能力。建立完善重大事项报告制度。梳理出各市级宗教团体需向市民宗委报告的外出交流、请销假、收支等十个方面的事项，并通过建立规章制度，督促各宗教团体执行。建立完善班子成员考核制度。制定包括考核标准等内容的考核办法，每年年底前市民宗委指导各宗教团体，对副秘书长以上领导班子及领导成员进行考核。建立完善财务报告、审计制度。根据《宗教事务条例》《社会团体管理条例》的规定，要求各团体在委员会（理事会）上，报告上年度财务收支和接受、使用捐赠的情况，并以社团年检为契机，邀请专职财务审计人员对各团体的财务进行审计。[责任编辑:]
宗教和睦和顺助力社会和谐,网易新闻,2016年10月25日 08:45,http://news.163.com/16/1025/08/C479OE8N00014SEH.html,10月21日，一向关心时事的察布查尔锡伯自治县海努克乡阿勒斯坦村爱国宗教人士巴拉提江・吐尔汗江像往常一样翻阅报纸。他发现了个喜讯：在10月19日召开的自治区党委常委会议上，审议并原则通过了《关于提高全区村干部基本报酬、农村“四老”人员和爱国宗教人士生活补助标准的意见》。提高爱国宗教人士生活补助标准，近年来已不是第一次，但还是令巴拉提江感到十分高兴。他说：“这体现出党和政府对爱国宗教人士的尊重、关心和照顾，党的关怀让我们心里暖暖的。”多民族、多宗教，是新疆的典型区情；民族、宗教与各方面事务紧密交织，是新疆工作的现实情况。“要精心做好宗教工作，积极引导宗教与社会主义社会相适应，发挥好宗教界人士和信教群众在促进经济社会发展中的积极作用。”在第二次中央新疆工作座谈会上，习近平总书记提出了宗教工作的原则、方法和路径，这是促进新疆民族团结、宗教和谐的根本遵循。党的十八大特别是第二次中央新疆工作座谈会以来，我区全面贯彻党的宗教工作基本方针，依法加强宗教事务管理，满足信教群众正常宗教需求，深入推进“去极端化”，充分发挥宗教界人士和信教群众的积极作用，在引导宗教与社会主义社会相适应的道路上迈出了坚实的步伐。全面贯彻党的宗教工作基本方针“我今年65岁了，却像30岁的小伙子一样精力充沛。我要继续讲好经，继续向大家宣传党的好政策。”10月19日下午，在疏附县托克扎克镇阿亚格曼干村的爱国主义感恩教育基地里，阿亚格曼干村清真寺哈提甫吐尔逊・马来提笑眯眯地说。爱国主义感恩教育基地里挂满了习近平总书记在阿亚格曼干村考察时的照片，其中一张照片是总书记和吐尔逊亲切交谈时的情景。2014年4月，习近平总书记考察新疆时，明确指出“新疆最大的群众工作就是民族团结和宗教和谐”。在第二次中央新疆工作座谈会上，习近平总书记指出，要精心做好宗教工作，积极引导宗教与社会主义社会相适应。处理宗教问题的基本原则，就是保护合法、制止非法、遏制极端、抵御渗透、打击犯罪。党中央的要求就是我们的任务。自治区党委充分认识宗教工作的特殊重要性，深入研究宗教领域存在的突出问题，把握宗教自身规律，更加积极主动地做好新形势下宗教工作。9月17日召开的自治区深入贯彻落实习近平总书记关于新疆工作总目标再动员会议，把做好宗教工作作为六项重点工作之一，并强调，要推进宗教和睦和顺，促进宗教与社会主义社会相适应。10月2日召开的自治区加强清真寺和宗教活动教育管理服务工作会议强调，要加强创新清真寺和宗教活动教育管理服务，为实现社会稳定和长治久安总目标作出新的贡献。持续推进“去极端化”，采取“面对面”“草根宣讲”等方式加大宣传教育力度，引导各族群众坚持正信正行；切实培养保护关爱爱国宗教人士；广泛开展和谐清真寺和先进爱国宗教人士创建评选；进一步提升服务管理水平……随着自治区党委一项项富有针对性的政策措施接连出台并付诸实施，我区宗教领域日趋和睦。“去极端化”让各族群众心里更亮堂从巴楚到鄯善，从昆明到乌鲁木齐，一系列暴力恐怖事件，背后都有宗教极端思想的影子。宗教极端思想的本质，是在歪曲教义，企图借用宗教制造民族分裂和煽动暴恐活动。宗教极端思想的渗透蔓延是宗教和谐的最大威胁，严重危害新疆社会稳定和长治久安。我区以“去极端化”为目标，坚持正信挤压、文化对冲、法治约束、科学普及共同发力，积极引导信教群众坚持正信正行、抵制极端，挤压了宗教极端思想渗透的空间。曾经一段时间，乌什县笼罩着宗教极端思想的阴影，如结婚不允许跳舞唱歌、丧事不让做“乃孜尔”等。“2013年9月起，我县伊斯兰教协会在全县9个乡镇创办了爱国宗教人士之家，通过周学习会月研讨会季报告会的方式，召集伊斯兰教协会成员对宗教领域存在的问题进行梳理研讨，从宗教角度提出解决问题的办法和建议，再用宗教的语言撰写、发布倡议书，得到了群众的大力拥护，大家受到了教育、辨明了方向，心里更亮堂了。”乌什县统战部副部长黄孝东说。（下转第四版）(上接第一版)乌什县回族东寺伊玛目、乌什县伊斯兰教协会常委李逵对自己有着清楚的定位，“在清真寺我们是宗教人士；在家我们是孩子的父亲；在公共场合我们是公众人物，有义务言传身教、主动参与去极端化，传播更多正能量。”在自治区“去极端化”农民小品大赛中，小品均由群众自编自演，素材均来自农民自己的生活；在“去极端化”农民画大赛中，全区2000余名农民画作者参与创作了14000余幅作品，参赛热情高涨；2014新疆网络文化节的重要活动“塔克拉玛干的婚礼”分别在南疆4个地州、8个县市，为300余对新人举办了8场别开生面的集体婚礼。一场场传统与现代相融合的集体婚礼，不仅让年轻情侣们获得了更多祝福，更让各地群众在喜庆、开放、文明的氛围中领略现代文化的魅力，接受现代生活方式的洗礼；“现代文化与青年同行”活动、“靓丽工程”系列活动等接地气、受欢迎的活动不仅形成了与宗教极端思想的有效对冲，凝聚了全疆各族人民共同抵制宗教极端思想的决心，更让世人看到了一个文明、进步、时尚、活力的新疆形象。把信教群众团结在党和政府周围在今年的全国宗教工作会议上，习近平总书记强调，要把能不能把广大信教群众团结在党和政府周围作为评价宗教工作成效的根本标准。近年来，自治区党委深刻分析宗教工作的特点和规律，不断创新宗教工作机制和管理模式，构建健康和谐的宗教关系，把广大信教群众凝聚到“建设美丽新疆，共圆祖国梦想”的伟大事业上来。10月22日，在于田县古海尔克孜国际商贸有限责任公司的工作间里，30位身着艾德莱斯裙的维吾尔族姑娘正热火朝天地缝制手工艺品。“我的公司经济效益很好，每年销售收入有50多万元。如今我们住上了楼房，有了小轿车，日子过得和城里人一样。”爱国宗教人士依明・阿布都热曼一脸幸福地说道。如今，越来越多像依明这样的爱国宗教人士活跃在脱贫攻坚第一线，成为带领群众致富的“领头雁”。围绕总目标，我区出台各项政策举措，不断发挥宗教界人士和信教群众在促进经济社会发展中的积极作用。――制定宗教界人士中长期培训教育工作规划，建立健全爱国宗教人士管理、激励、生活照顾机制，提高待遇水平，使他们政治上有荣誉、社会上有地位、安全上有保证、生活上有保障。――依托远程教育平台集中培训基层统战民宗干部和宗教人士。常年组织宗教人士赴内地沿海发达省市参观学习，提高宗教人士引导信教群众接受现代文化和现代生活方式、生产方式的积极性。――以开展“五好清真寺”“五好爱国宗教人士”创建活动为载体，引导清真寺和宗教界人士争创和谐清真寺、争当先进模范，树立爱国爱教的良好导向。――坚持把爱国宗教人士和信教群众当亲人、当朋友，完善加强对清真寺和宗教活动的公共服务，使广大宗教人士和信教群众切身感受到党和政府的关怀与温暖。我们相信，只要同国家发展相适应、同人民愿望相适应、同时代精神相适应，宗教就一定能成为进一步推动社会和谐的重要力量。
省领导莅郑调研非公经济发展和宗教工作,网易新闻,2016年10月25日 02:04,http://news.163.com/16/1025/02/C46IC5LF00014AED.html,本报讯（记者王治）昨日下午，省委常委、统战部长陶明伦一行莅郑，就非公有制经济发展和宗教工作进行调研。市委常委、统战部长、副市长杨福平陪同。陶明伦一行冒雨来到新密市，深入郑州瑞泰耐火材料科技有限公司生产车间和实验室，详细了解企业生产经营和产品研发情况。陶明伦鼓励企业负责人，大胆改革创新，提升传统产业，为区域经济发展多做贡献。陶明伦指出，非公有制经济在区域经济发展中占有举足轻重的地位，特别是在当前稳增长、保态势、促转型的关键时期，更要重视引导非公有经济健康发展和非公有制经济人士健康成长。要坚持“两个毫不动摇”，引导民营企业坚定信心，抢抓机遇，在适应经济新常态中，创新发展、转型发展。要用足、用好、用活中央和省、市优惠政策，提高企业核心竞争力，掌控制高点和主动权。要构建“亲”“清”新型政商关系，积极服务民营企业，帮助他们排忧解难，引导他们集中精力干事创业。陶明伦一行还深入新密市超化寺实地调研加强和改进新形势下的宗教工作。陶明伦指出，要全面贯彻党的宗教工作基本方针，坚持和发展中国特色社会主义宗教理论，研究新形势下宗教工作的特点和规律，坚持中国化方向，依法管理宗教事务，着力解决宗教领域突出问题，着力提高宗教工作水平，为促进社会和谐做出积极贡献。
【媒库文选】宗教可能激励人类未来向太空扩张,参考消息,2016年10月25日 00:30,http://www.cankaoxiaoxi.com/ym/20161025/1358164.shtml,"核心提示：有关宗教和科学之分的流行观点往往经不起检验，奔赴远方的强烈愿望可能基于一种从根本上讲属于宗教性质的冲动。ReligionMayMotivateHumanity's FutureExpansionintoSpace宗教可能激励人类未来向太空扩张JesseEmspak杰西·埃姆斯帕克It'sbeenmorethan40yearssinceahumansteppedonanotherworld,andtheusualmotivators—nationalpride，scientificdiscoveryandevenprofit—maynotbeenough.Instead,peoplemayturntoreligion,accordingtosomeexperts.如今人类已经40多年没有踏足另一个星球了，寻常动力因素如国家荣誉、科学发现乃至金钱利益已经不足以激励人们探索宇宙。有专家认为，人们可能会求助于宗教。AttheannualMarsSocietyconventioninWashington,D.C.lastweek,fourexpertsdiscussedthereasonshumanbeingshaveexploredouterspace,includingreligiousandsocialmotivators.美国火星学会上周在华盛顿举行年会，四位专家讨论了一直以来人类探索外太空的原因，其中包括宗教和社会促进因素。Thegroupnotedthatpopularnotionsofthereligion-sciencedividedon'toftenholduptoscrutiny,andthattheurgetogotoremoteplacescanberootedinafundamentallyreligiousimpulse.这几位专家指出，有关宗教和科学之分的流行观点往往经不起检验，奔赴远方的强烈愿望可能基于一种从根本上讲属于宗教性质的冲动。PaulLevinson，asciencefictionwriterandprofessorofcommunicationsandmediastudiesatFordhamUniversity,notedthathumanspaceflighttootherworldsbasicallystoppedinthe1970s,andthatthemotivationswereclearlynotpowerfulenough.“Sincewegottothemoonandwe'dalreadybeatentheSovietsthatmotivewasgone，”hesaid.Scienceprovedinsufficientaswell.“Sciencecontinuestobemotivatingfactor，butit'saweakmotivation,”hesaid.“NASAhastried,andithasn'tignitedanyrealpassion.”美国福德姆大学媒体传播学教授、科幻小说作家保罗·莱文森说，前往其他星球的载人航天在上世纪70年代就基本停止了，显然动力不足。他说：“自从我们先于苏联登上月球后，动力就没有了。”事实证明科学也力有不逮。他说：“科学探索始终是个激励因素，但力度不大。国家航空航天局做过努力，但没有激起任何真正的热情。”Profithasn'tprovenveryhelpful,either.Thatledhimtothinkthatsomereligiousmotive，basedonwonder,mightbethewaytogo.“There'samotivationeverysentientbeinghas.Everypersonand,forallIknow，dolphins，haswonder…Weaskwhatisthemeaningofourplaceintheuniverse.Sciencedoesn'tevenscratchthedeepestpartsofthatquestion.”事实证明金钱利益刺激也没有太大效果。由此他认为，基于好奇心的某种宗教动机也许不错。“有一种动机是每个有感知能力的生物都具备的。每个人，据我所知还有海豚，都有好奇心……我们会问我们在宇宙中的位置有何意义。科学根本还没有触及这个问题的最深层次。”LanceStrate,alsoaprofessorofcommunicationsatFordham,saidthewholeenterpriseofspacetravelwasalwaysaboutmorethanjustthescience.“MosesMaimonidescameupwithideaofplanetsasintermediarybetweenangelsandhumans，”hesaid.“Allofthissuggestswearetryingtolookforsomethingbeyondourselves.”同为福德姆大学媒体传播学教授的兰斯·斯特拉特说，整个太空旅行事业向来不仅仅与科学探索有关。他说：“（中世纪犹太哲学家）摩西·迈蒙尼德斯提出，行星是天使和人类之间的媒介。这一切表明，我们一直在努力寻找自身以外的事物。”“Thespaceprogramischannelingalltheseresourcesandlabortosendpeopletoourconceptionofheaven,”headded.他补充说：“太空项目在汇聚所有资源和人力把人送上我们心目中的天堂。”Beyondmotivation，religionsarenotautomaticallychallengedbyspacetravel,Levinsonsaid.HenotedthatevangelicalsaremorelikelytobelievethatalienslandedinRoswell,NewMexico.Also,manyofthequestionsthatgovernritualandpracticewouldtakeadifferentmeaninginspace.“WhereisMeccaifyou'reonMars?”hesaid.莱文森说，除了给予动力，宗教也未必受到太空旅行的挑战。他说福音派信徒更可能相信外星人光顾过新墨西哥州的罗斯韦尔，而且许多与宗教仪式习俗相关的问题在太空中也会有不同意义：“如果是在火星上，那麦加圣地在哪里？”MichaelWaltemathe,atheologianatRuhr-UniversityBochuminGermany,addedthatspace'schallengestoreligiousobservancehavealreadybeenhashedout.“TherewasafatwaputoutbyMalayMuslimauthoritiesonhowtodoritualsontheInternationalSpaceStation—allthishasbeenthoughtthrough,”hesaid.德国波鸿鲁尔大学神学研究专家米夏埃尔·瓦尔特马特说，太空对宗教仪式的挑战已经经过了充分讨论。他说：“马来穆斯林官方机构（即马来西亚全国教法裁决委员会——本报注）颁布了教令，指导如何在国际空间站举行仪式。这一切都已经考虑周全。”Rev.JamesHeiser,bishopoftheEvangelicalLutheranDioceseofNorthAmerica,notedthatJohannesKepler'sspeculationonthenatureoflifeonotherplanetswasn'tadirectchallengetohisfaith.北美福音路德教区的主教詹姆斯·海泽教士指出，（德国天文学家）约翰尼斯·开普勒对其他行星生命本质的猜想并不对他的宗教信仰构成直接挑战。Whenaskedaboutthepsychologicalaspectsoflongspacejourneys,Waltematheaddedthatthereligioustraditionofsettingupmonasticcommunitiesinremoteareascouldtieintospacetravelaswell.“Thetheologicalideawasthatthesepeoplewereontheirowntogetagreaterconnectiontotranscendence,”hesaid.当被问及如何处理长途太空旅行期间的心理问题时，瓦尔特马特说，在偏远地区设立修士社区的宗教传统做法也适用于太空旅行。他说：“按照神学思想，这些人是在依靠自身与超然性产生更紧密的联系。”Levinsonsaidsomeformsofreligiousobservancemaybecomelessimportant,becausewhentravelinginspaceallthecelestialmarkers—moonrise,sunrise，sunsetorwhatphasethemoonisin,nolongerexist.Thatcouldactuallyhaveastrengtheningeffectonreligion,hesaid.“Theywillseetheseritualsarenotthatnecessaryandreligioncanthengetdowntoexploringthebasisofwhatreligionis--whichiswhatarewedoinginthisuniverse.”莱文森说，在太空旅行中，宗教仪式中的一些形式可能会变得不那么重要，因为所有天体标记——月出、日出、日落和月相等都已不存在。他说，那实际上可能会增强宗教的影响。“他们会看到这些仪式不是那么必要，然后宗教就会变成探索宗教之为宗教的基础，那就是，我们在这个宇宙中的存在意义是什么。”（郭骏译自美国趣味科学网站9月27日文章）"
《文明6》宗教胜利方法技巧 俄罗斯宗教胜利方法一览,站长之家,2016年10月26日 11:23,http://www.chinaz.com/game/pctips/2016/1026/600878.shtml,《文明6》宗教胜利大家会不会呢？今天就为大家带来了文明6宗教胜利方法技巧，让大家看看这位玩家的如何使用俄罗斯达成宗教胜利的，还不会的玩家可学习下吧，希望对大家有帮助。今天打的俄罗斯神标，标准大小。随便开了个图就玩俄罗斯宗教核心，很容易，因为在AI来传教的时候就准备进入中世纪了，正好出，神权政体，并且研究好军事学-特殊兵种：哥萨克骑兵，67战斗力，5移动，打了还能跑，简直中期无敌，然后把电脑的使徒都踩了（什么？你科技还没到？没事先用猴子踩，弩兵守家）切记，一定不能让AI把你的城洗了，踩完对方的使徒，然后就是防守反击了。万神殿是极光之舞，4信条以清真寺，哺育世界为核心。出生地地图本来粮食旁边还有个树，其他基本也没变过。出场1-3猴子or1猴子+工人，（工人是出场能10锤以上，且遇到自然奇观而且有石头，然后砍树大法，28T之前抢到巨石阵）。然后出场直奔占星术，我刚刚研究好的时候才看到自然奇观简直是嘲讽....一定是前几天刚果黑叔叔玩多了（口胡！本来就是脸黑还妄想解释）。然后再来看下俄罗斯科技树，出门点占星，然后点出弓箭手，然后直奔军事学（有什么用呢？下面再说）。政体的话先来移民和妹子的加锤子，然后点1级政体，之后我们的目标是！没错就是我们核心政体———神权政体！用到死神权政体：第一条，神学战+5，30战斗力是秒杀，所以你觉得这5点重要吗！第二条，能买陆地单位——哈？你只买传教？不不不，一开始的战斗绝对不是使徒战！而是你的狗去踩对面的使徒！谁来你家你就踩谁，顺路把能洗的AI都洗了。这种时候你肯定宣了一堆人，然后我们的军事学就来了，俄罗斯的特殊兵种哥萨克骑兵67战斗力，外加弩兵用信仰买买买！然后就可以开始用传教士，跟着骑兵一路平推了。而且信仰买东西打折哦然后你可以慢慢洗电脑了，电脑的使徒都给你踩完了，这时候不上啥时候上！（之后就是时间问题了）名称，宗主奖励耶路撒冷Jerusalem，自动信仰宗主国创始的宗教，并产生与圣都相等的宗教压力，康提Kandy，宗主国每发现一处自然奇观就获得一个圣遗物圣遗物，+50%，拉本塔La，Venta，允许宗主国的建筑工修建改良设施「巨石头像」，埃里温Yerevan，允许宗主国训练使徒时手动选择晋升。第一个，这货不是选拜火教，然后拉过来拿成就的吗？第二个，刚果黑叔叔的BUG神器第三个，虽然没埃里温好，但是聊胜于无第四个，宗教胜利的神器，自由选晋升技能！医师？？，你走！，朝圣者？你也走！这些杂七杂八的统统走！我只要劝导者，翻译师，还有，神学战的核心！+20战斗力！然后这3个什么用呢？翻译师：战斗力110的使徒用一次是220宗教压力，他提供3倍压力，那么就是660点，也就是说10人口以下的城只要传播一次就好劝导师：一次性把敌方宗教全部洗掉并且变成自己的信徒（有折扣）任你多少人口的城，我直接洗干净啦第三个叫啥来着我也忘了（啊，别这样看着我），+20战斗力，神学战关键，其实神学战主要还是为了保护，翻译师和劝导师的，上去直接洗城，打神学战还要找目标，而且AI大几率在圣地那，打神学战亏的要死，所以我们直接上翻译师和，劝导师直接洗城吧，后面最好再跟一点，传教士，把不够的给补上，保证一轮洗掉这样可以让对方的使徒不在圣地上，没有圣地+5战斗力的加成
“一带一路”民族宗教工作座谈会在连云港召开,中国连云港政府门户网,2016年10月26日 09:31,http://www.lyg.gov.cn/zglygzfmhwz/gcyw/content/6cce1903-0ffe-459c-ae35-f25523e0d897.html,
阿勒泰地区确保宗教领域始终保持和谐稳定,中国新疆网,2016年10月26日 19:34,http://www.chinaxinjiang.cn/dizhou/7/201610/t20161026_542006.htm,10月24日，阿勒泰地区召开加强清真寺和宗教活动教育管理服务工作会议，深入贯彻落实自治区相关会议精神，围绕加强创新清真寺和宗教活动教育管理服务工作，进一步统一思想、明确任务、强化措施、落实责任，动员管委会干部深入基层、认真履职，号召各级各部门主动配合、积极参与，齐心协力加强清真寺和宗教活动教育管理服务，确保阿勒泰地区宗教领域始终保持和谐稳定。会议指出，要正确认识阿勒泰地区宗教现状和特点。自治区党委加强清真寺和宗教活动教育管理服务，对贯彻落实新疆工作总目标、密切党同人民的血肉联系、巩固党的执政根基具有重大而深远的历史意义，必须坚定坚决地抓好贯彻落实。要清醒地认识到，阿勒泰的宗教现状有别于南疆，必须结合地区实际，研究制定好适合阿勒泰的落实措施，找到自己的“药方”。会议强调，要准确把握加强清真寺和宗教活动教育管理服务的总体要求和基本原则。阿勒泰地委经过反复研究，提出当前和今后一个时期阿勒泰地区宗教工作的总体要求是：紧紧围绕社会稳定和长治久安总目标，深入贯彻全国宗教工作会议精神和习近平总书记关于宗教工作重要讲话精神，深入贯彻自治区深入贯彻习近平总书记关于新疆工作总目标再动员会议、自治区加强清真寺和宗教活动教育管理服务工作会议精神，按照“保护合法、制止非法、遏制极端、抵御渗透、打击犯罪”的基本原则，坚持“导”的正确态度，做到“导之有方、导之有力、导之有效”，全面加强对宗教的教育管理服务，坚决抵御宗教极端思想渗透、防止宗教升温，促进宗教与社会主义社会相适应，把宗教人士和信教群众密切团结在党和政府周围，巩固阿勒泰地区宗教领域长期和睦和谐的良好局面，争创自治区宗教和谐示范区。会议要求，认真落实好管委会加强教育管理服务的重点工作任务。选派到管委会工作的干部要注意围绕职责，以解决阿勒泰的实际问题为导向，突出工作重点，把握关键所在，切实抓好落实，坚决抵御宗教极端思想渗透，切实防止局部宗教升温，积极促进宗教与社会主义社会相适应，加强对宗教人士和信教群众的服务，提高做好宗教工作的能力和水平。会议强调，要切实为加强清真寺和宗教活动教育管理服务提供有力组织保障。建立管委会，进一步加强宗教管理长效机制是事关地区社会稳定和长治久安的一项基础工程、系统工程、民心工程，各级各部门要高度重视、统一思想，强化领导责任、关心选派干部、严格奖惩制度，把这项工作牢牢放在心上、紧紧抓在手上。会议印发了《地区加强清真寺和宗教活动教育管理服务工作实施方案》。阿勒泰地委书记邓章武出席会议并作重要讲话，地委副书记、行署专员塔里哈提·吾逊主持会议，阿勒泰地区四套班子在家领导参加会议。
民宗局:常州市宗教界积极开展“宗教慈善周”活动,常州人民政府网,2016年10月26日 16:14,http://www.changzhou.gov.cn/ns_news/528147746880731,繁中文English智能手机版
依法管理宗教事务 全面提高宗教工作水平,浏阳之窗,2016年10月26日 15:00,http://www.liuyangshi.cn/liuyangxinwen/2016/1026/116380.html,"人参与评论为推动普法工作深入开展，提高宗教界人士和信教群众的法律意识和法律素质。10月24日，普迹镇宗教办统一制作并一一上门悬挂了“普迹镇民族宗教政策法规宣传栏”，营造宗教政策法规学习宣传的浓厚氛围。同时，按照分级负责，“谁主管谁负责”和属地管理原则，普迹镇建立镇、村(社区)两级宗教事务管理机制，对我镇依法登记的1家宗教活动场所(紫霞庵)、4家民间信仰活动场所(普迹古庙、陶泗王爷庙、将军庙、五显寺)悬挂“浏阳市宗教工作两级责任公示牌”，实行监督管理、挂牌公示。今年以来，普迹镇加强宗教(民间信仰)事务管理，建立了镇、村(社区)两级宗教工作责任网格、全面走访调查镇内所有宗教(民间信仰)活动场所并制订位置定位现状图、摸底台账;开展“宗教政策法规宣传月”活动;开展宗教(民间信仰)活动场所消防安全大检查活动;进行民间信仰场所功德箱摸底登记;统一制作民族宗教政策法规宣传栏等。年底还将对民间信仰活动场所进行动态管理考评，进一步加强对民间信仰活动场所的依法管理，切实制止各种非法行为，努力促使场所形成积极向上的良好氛围，确保我镇民间信仰事务管理规范有序。●【往下看，更多图文详情】●浏阳之窗提示：这篇""依法管理宗教事务全面提高宗教工作水平""的资讯仅代表作者观点，与浏阳之窗无关，传递正能量，分享网址：http://www.liuyangshi.cn<divalign=""center""style=""margin-top:15px;float:right;"
研究人员称有宗教信仰者的数学更差,长江网,2016年10月26日 13:00,http://wenhua.cjn.cn/dxxl/enterprise/201610/00150683.html,外媒CNET援引英国心理学会博客研究文摘的报道称，芬兰赫尔辛基大学的研究人员在一篇报道中指出，宗教信仰与各种科学技能存在一定的联系。研究人员要求258名受访者透露他们的宗教信仰，比如他们是否相信“全能的、全知的、至善的神”的存在，另外他们还被问及是否相信超自然现象。研究人员希望能够借此测试受访者的“技能”，比如他们希望能评估受访人员的数学及物理等知识，及受访者利用这些知识来解决问题的能力。他们的结论是，宗教信仰者对物质世界的科学认识更少。两位作者表示：“越相信宗教或其他超自然现象的受访者，他们的直觉物理技能、机械和心理旋转能力及在校数学和物理成绩越差，另外他们的物理和生物现象知识更匮乏。”目前该研究报告的作者MarjaanaLindeman和AnnikaSvedholm-Hkkinen没有立即回应记者的置评请求。
天津市宗教局开展与基督教团体座谈活动,福音时报,2016年10月26日 10:00,http://www.gospeltimes.cn/news/44827/%E5%A4%A9%E6%B4%A5%E5%B8%82%E5%AE%97%E6%95%99%E5%B1%80%E5%BC%80%E5%B1%95%E4%B8%8E%E5%9F%BA%E7%9D%A3%E6%95%99%E5%9B%A2%E4%BD%93%E5%BA%A7%E8%B0%88%E6%B4%BB%E5%8A%A8,凡本网来源标注是“福音时报”的文章版权归福音时报所有。未经福音时报授权，任何印刷性书籍刊物、公共网站、电子刊物不得转载或引用本网图文。欢迎个体读者转载或分享于您个人的博客、微博、微信及其他社交媒体，但请务必清楚标明出处、作者与链接地址（URL）。其他公共微博、微信公众号等公共平台如需转载引用，请通过电子邮件（fuyinshibao2006@gmail.com）、电话（010-56010819）或微博（http://weibo.com/cngospeltimes），微信（cngospeltimes）联络我们，得到授权方可转载或做其他使用。（
临汾市民族宗教事务局召开公益慈善经验交流研讨会,中国网聚焦山西频道,2016年10月26日 10:58,http://jjsx.china.com.cn/lm275/2016/422213.htm,近日，临汾市民族宗教事务局召开“第五个宗教慈善周”宗教公益慈善经验交流研讨会，临汾市五大宗教团体会长、副会长、秘书长参加会议。会上，各宗教团体负责人分别就开展公益慈善活动的做法、经验和取得的成绩进行讨论交流，分析了存在的问题与不足，同时就如何进一步推进宗教公益慈善事业发展展开了研讨。随后，该局还围绕宗教界从事公益慈善活动的范围、基本形式、应当遵守的原则、可享受的扶持和优惠政策以及与《慈善法》有关的一些问题等相关政策法规进行了辅导。今年以来，全市宗教界在党和政府的带领下，发扬服务社会和人民的优良传统，分层级、多角度地开展各种慈善活动，据不完全统计，全市宗教界全年累计捐款近81万元。其中佛教注重捐资助学、天主教注重医疗服务、基督教侧重助残敬老、伊斯兰教进行积极帮困、道教着重慈善理念的宣传，各宗教团体开展的慈善活动取得了显著成绩，受到社会各界好评，有力提升其社会形象。(记者李羿玫)中国网山西版权与免责声明：①凡本网注明“来源：中国网山西或聚焦山西”的所有作品，版权均属于中国网山西，未经本网授权不得转载、摘编或利用其它方式使用上述作品。已经本网授权使用作品的，应在授权范围内使用，并注明“来源：中国网山西”。违反上述声明者，本网将追究其相关法律责任。②凡本网注明“来源：XXX（非中国网）”的作品，均转载自其它媒体，转载目的在于传递更多信息，并不代表本网赞同其观点和对其真实性负责。③如因作品内容、版权和其它问题需要同本网联系的，请在30日内进行。
